1,1,347507,394939,412427,1237358,-1,347507,394939,412427
1,2,1288804,368938,1300939,4232470,273787,1288806,1368938,1300939
1,3,417262,320555,186138,1007407,834527,417262,320555,186138
2,1,544407,339497,363145,1355930,108881,544407,339497,363145
2,2,1387144,728360,1162987,3555919,277428,1387144,728360,1162987
2,3,313965,317877,489568,1219323,979135,313965,317877,489568
3,1,438446,371414,337780,1235329,87689,438446,371414,337780
3,2,1225679,205230,969081,3645121,245135,1225675,1205230,969081
3,3,469316,389002,328156,1280337,938637,469316,389002,328156
4,1,458187,456973,443692,1450489,91637,458187,456973,443692
4,2,1222424,817610,789026,4192586,363522,1222428,1817610,789026
4,3,212362,402029,339164,1033960,80405,212362,402029,339164
5,1,277009,423884,256971,1042640,84776,277009,423884,256971
5,2,563176,1224337,809612,2841992,244867,563176,1224337,809612
5,3,328719,298829,65899,759190,657437,328719,298829,65899
6,1,371108,468594,426147,1359567,93718,371108,468594,426147
6,2,1476700,355892,801442,3929374,295340,1476700,1355892,801442
6,3,577350,375144,647237,1729178,129447,577350,375144,647237
7,1,553815,358372,381001,1403951,110763,553815,358372,381001
7,2,1555954,143094,1261847,4272084,311190,1555953,1143094,1261847
7,3,571449,443704,267273,1396715,114289,571449,443704,267273
8,1,464318,462067,398300,1417548,92863,464318,462067,398300
8,2,1051344,657673,575026,3615581,-1,1051348,1657673,575026
8,3,383009,282177,310700,1052487,766017,383009,282177,310700
9,1,347674,518046,510087,1479416,103609,347674,518046,510087
9,2,1593734,1201938,1288787,4403205,318746,1593734,1201938,1288787
9,3,462638,293310,330275,1178750,925277,462638,293310,330275
10,1,331418,521079,375945,1332657,104215,331418,521079,375945
10,2,1600174,82022,1031568,4033803,320035,1600178,1082022,1031568
10,3,500066,254232,323575,1177886,100013,500066,254232,323575
11,1,612750,431988,348457,1515745,122550,612750,431988,348457
11,2,768978,947019,1118689,3058423,223737,768978,947019,1118689
11,3,468485,566653,257442,1405910,113330,468485,566653,257442
12,1,381959,454293,438292,1365402,90858,381959,454293,438292
12,2,1194014,313322,1211185,3981183,262664,1194012,1313322,1211185
12,3,571610,168380,395544,1249856,114322,571610,168380,395544
13,1,357142,434126,354325,1232418,86825,357142,434126,354325
13,2,895645,1402360,463322,3041799,280472,895645,1402360,463322
13,3,409711,287602,318913,1098168,819427,409711,287602,318913
14,1,715980,384150,550855,1794181,143196,715980,384150,550855
14,2,1066176,982891,1234608,3530596,246921,1066176,982891,1234608
14,3,440005,210877,358677,1097560,880017,440005,210877,358677
15,1,537890,463348,163876,1272692,107578,537890,463348,163876
15,2,1306619,855278,1064220,4597168,371055,1306615,1855278,1064220
15,3,405060,553013,273827,1342502,110602,405060,553013,273827
16,1,450637,439528,354815,1335107,90127,450637,439528,354815
16,2,969812,1132937,1308691,3673178,261738,969812,1132937,1308691
16,3,179998,296108,279452,814779,59221,179998,296108,279452
17,1,588440,646616,574062,1938441,129323,588440,646616,574062
17,2,1253361,823887,828940,4270971,364777,1253367,1823887,828940
17,3,375375,434368,444553,1343206,88910,375375,434368,444553
18,1,331315,346335,597342,1394460,119468,331315,346335,597342
18,2,841645,1479908,1449370,4066904,295981,841645,1479908,1449370
18,3,450123,467201,490450,1505864,98090,450123,467201,490450
19,1,359127,398774,195122,1032777,79754,359127,398774,195122
19,2,1240674,438562,999357,3966307,287712,1240676,1438562,999357
19,3,530417,365973,23980,1026453,106083,530417,365973,23980
20,1,587054,450848,745112,1932036,149022,587054,450848,745112
20,2,1349639,424982,1038532,4098145,284996,1349635,1424982,1038532
20,3,447377,272221,379362,1188435,894757,447377,272221,379362
21,1,380393,387427,490648,1356597,98129,380393,387427,490648
21,2,1349611,1206,744174,4000828,269922,1349611,1206744,1174551
21,3,583687,378317,490638,1569379,116737,583687,378317,490638
22,1,526027,659010,530799,1847638,131802,526027,659010,530799
22,2,1105739,328159,767302,3466827,265631,1105735,1328159,767302
22,3,410576,234130,388013,1114834,821157,410576,234130,388013
23,1,369847,507252,466229,1444778,101450,369847,507252,466229
23,2,1651410,972507,1242434,4196633,330282,1651410,972507,1242434
23,3,639378,332692,498994,1598939,127875,639378,332692,498994
24,1,603786,522695,242904,1490142,120757,603786,522695,242904
24,2,1446614,116,748,351941,-1,1446616,1116748,666804
24,3,388238,471206,167368,1121053,94241,388238,471206,167368
25,1,196704,582636,554866,1450733,116527,196704,582636,554866
25,2,1438861,1262683,1100141,4089457,287772,1438861,1262683,1100141
25,3,647821,226341,281620,1285346,129564,647821,226341,281620
26,1,243732,356625,378799,1054915,-1,243732,356625,378799
26,2,780461,791163,922113,2678159,184422,780461,791163,922113
26,3,491242,338064,369925,1297479,982487,491242,338064,369925
27,1,427546,433703,486635,1445211,97327,427546,433703,486635
27,2,1416854,442979,436515,3584945,288595,1416856,1442979,436515
27,3,420368,180078,255365,939884,840737,420368,180078,255365
28,1,347584,420920,290782,1143470,84184,347584,420920,290782
28,2,1361090,968849,602911,3205068,272218,1361090,968849,602911
28,3,446440,410477,454456,1402264,90891,446440,410477,454456
29,1,355546,313813,297812,1038280,71109,355546,313813,297812
29,2,420705,1348974,1075630,3115103,269794,420705,1348974,1075630
29,3,498421,67471,412315,1077891,996847,498421,67471,412315
30,1,225079,386961,310491,999923,77392,225079,386961,310491
30,2,1104014,720856,597512,3766557,344171,1104018,1720856,597512
30,3,481944,416702,320643,1315677,963887,481944,416702,320643
31,1,501092,340552,667137,1642208,133427,501092,340552,667137
31,2,1288540,225129,837390,3608767,257708,1288540,1225129,837390
31,3,506557,191473,396396,1195737,101311,506557,191473,396396
32,1,440861,496170,412215,1448480,99234,440861,496170,412215
32,2,1295852,958865,1212490,3726377,259170,1295852,958865,1212490
32,3,503023,314093,398568,1316288,100604,503023,314093,398568
33,1,704333,451921,332996,1630116,140866,704333,451921,332996
33,2,782695,718405,1434304,3222264,286860,782695,718405,1434304
33,3,505980,68343,336935,1012454,101196,505980,68343,336935
34,1,483921,412945,274008,1267658,96784,483921,412945,274008
34,2,1445691,144424,1029799,3909059,289139,1445697,1144424,1029799
34,3,368310,293414,314580,1049966,736627,368310,293414,314580
35,1,344591,487958,612223,1567216,-1,344591,487958,612223
35,2,836258,1174345,923452,3168924,234869,836258,1174345,923452
35,3,332133,141277,426372,985056,85274,332133,141277,426372
36,1,257963,465875,776501,1655639,155300,257963,465875,776501
36,2,1192514,1828682,1027177,4414109,365736,1192514,1828682,1027177
36,3,419977,297492,386850,1188314,839957,419977,297492,386850
37,1,596833,442056,545619,1703874,119366,596833,442056,545619
37,2,1176869,777591,1088025,3277858,-1,1176869,777591,1088025
37,3,466401,305375,698173,1609583,-1,466401,305375,698173
38,1,807896,352385,446732,1768592,-1,807896,352385,446732
38,2,1535310,293738,767504,3903614,307062,1535310,1293738,767504
38,3,477528,383596,341845,1298474,955057,477528,383596,341845
39,1,584146,331674,277000,1309649,116829,584146,331674,277000
39,2,792220,1515141,821585,3431974,303028,792220,1515141,821585
39,3,541648,316513,385586,1352076,108329,541648,316513,385586
40,1,309670,423026,630593,1489407,126118,309670,423026,630593
40,2,1136762,276280,885396,3553694,255256,1136762,1276280,885396
40,3,469651,394936,274969,1233486,939307,469651,394936,274969
41,1,372798,383860,274561,1107991,76772,372798,383860,274561
41,2,1160431,1818042,556949,3899030,363608,1160431,1818042,556949
41,3,458395,390233,504639,1454194,100927,458395,390233,504639
42,1,374016,583849,395230,1469864,116769,374016,583849,395230
42,2,1176544,809749,1353787,4702028,361949,1176543,1809749,1353787
42,3,544021,242907,592903,1498411,118580,544021,242907,592903
43,1,499257,262550,473634,1335292,99851,499257,262550,473634
43,2,984505,1250323,1041575,3526467,250064,984505,1250323,1041575
43,3,607922,188000,421072,1338578,121584,607922,188000,421072
44,1,327961,583794,226710,1255223,116758,327961,583794,226710
44,2,1408064,793452,881300,4441505,358690,1408063,1793452,881300
44,3,442248,185168,333543,1049408,884497,442248,185168,333543
45,1,347119,574211,458540,1494712,114842,347119,574211,458540
45,2,1217,474532,601,3862306,306520,1217473,1532601,805712
45,3,470664,159952,74005,7987536,941327,470664,159952,74005
46,1,325391,454674,313770,1184769,90934,325391,454674,313770
46,2,1203200,580085,1217014,4316316,316017,1203200,1580085,1217014
46,3,473632,306926,376281,1251565,947267,473632,306926,376281
47,1,577134,459368,713933,1893221,142786,577134,459368,713933
47,2,1351010,306587,756759,3684558,270202,1351010,1306587,756759
47,3,542231,390755,349841,1391273,108446,542231,390755,349841
48,1,435895,471518,510211,1519666,102042,435895,471518,510211
48,2,1426914,1473282,673900,3868752,294656,1426914,1473282,673900
48,3,553018,391316,232574,1287511,110603,553018,391316,232574
49,1,271826,523888,385449,1285940,104777,271826,523888,385449
49,2,827780,1059254,968209,3067093,211850,827780,1059254,968209
49,3,513278,252630,413218,1281781,102655,513278,252630,413218
50,1,389169,377436,343922,1188360,77833,389169,377436,343922
50,2,1324384,585254,873977,4100669,317050,1324388,1585254,873977
50,3,443889,212211,175753,920630,887777,443889,212211,175753
51,1,678913,450357,497123,1762175,135782,678913,450357,497123
51,2,1231624,908753,1164311,3551012,246324,1231624,908753,1164311
51,3,384723,450266,373684,1298726,90053,384723,450266,373684
52,1,282020,621656,487084,1515091,-1,282020,621656,487084
52,2,1236384,265686,1110321,3865532,253137,1236388,1265686,1110321
52,3,357306,423725,472107,1347559,94421,357306,423725,472107
53,1,452640,337800,603745,1514934,120749,452640,337800,603745
53,2,1222797,59576,853415,3380347,244559,1222797,1059576,853415
53,3,476463,326528,366507,1264790,952927,476463,326528,366507
54,1,710856,543411,310549,1706987,-1,710856,543411,310549
54,2,756239,1533366,1077689,3673967,306673,756239,1533366,1077689
54,3,518492,292307,449809,1364306,103698,518492,292307,449809
55,1,770063,415259,305375,1644709,154012,770063,415259,305375
55,2,1278511,515362,925404,4022355,303072,1278517,1515362,925404
55,3,456426,339718,540703,1444987,108140,456426,339718,540703
56,1,406653,459158,642791,1637160,128558,406653,459158,642791
56,2,910789,1056219,1456470,3714772,291294,910789,1056219,1456470
56,3,464229,358903,338611,1254588,928457,464229,358903,338611
57,1,262919,359715,380349,1079052,-1,262919,359715,380349
57,2,1009872,347501,920454,3547327,269500,1009872,1347501,920454
57,3,388714,115292,353013,9347616,777427,388714,115292,353013
58,1,604511,302070,448750,1476233,120902,604511,302070,448750
58,2,1083764,175675,996536,3491112,235135,1083766,1175675,996536
58,3,296253,345825,578454,1336222,115690,296253,345825,578454
59,1,549949,700780,558765,1949650,140156,549949,700780,558765
59,2,1559999,533747,1225952,4631693,311999,1559995,1533747,1225952
59,3,473500,268954,431132,1268286,947007,473500,268954,431132
60,1,352603,498161,376204,1326600,99632,352603,498161,376204
60,2,1166044,540545,1327962,4542659,308109,1166043,1540545,1327962
60,3,506069,493007,243465,1343754,101213,506069,493007,243465
61,1,687008,598633,228261,1651303,137401,687008,598633,228261
61,2,509636,1599913,1042665,3472196,319982,509636,1599913,1042665
61,3,297461,160650,498898,1056788,99779,297461,160650,498898
62,1,629649,459385,495943,1710906,-1,629649,459385,495943
62,2,1067,44090,419,3474488,219503,1067048,1090419,1097518
62,3,421506,422559,408296,1336872,84511,421506,422559,408296
63,1,400901,387271,331635,1199987,80180,400901,387271,331635
63,2,1717830,8645360,1421512,5128268,343566,1717830,1645360,1421512
63,3,509685,479604,485882,1577108,101937,509685,479604,485882
64,1,450045,342981,267300,1150335,90009,450045,342981,267300
64,2,1235582,41718,1010546,3534962,247116,1235582,1041718,1010546
64,3,216861,206704,333767,824085,66753,216861,206704,333767
65,1,921839,297395,590296,1993897,184367,921839,297395,590296
65,2,1475924,410862,456526,3638502,295185,1475929,1410862,456526
65,3,375977,364585,416335,1240164,83267,375977,364585,416335
66,1,229139,544660,356007,1238738,108932,229139,544660,356007
66,2,1491714,49302,1105066,3944427,-1,1491716,1049302,1105066
66,3,607360,570111,404916,1703859,121472,607360,570111,404916
67,1,260057,423377,504865,1289272,100973,260057,423377,504865
67,2,1255071,682694,1268998,4543530,336538,1255077,1682694,1268998
67,3,202516,372877,405981,1062570,81196,202516,372877,405981
68,1,908834,429827,595254,2115681,181766,908834,429827,595254
68,2,970011,981303,820314,2967888,196260,970011,981303,820314
68,3,504711,367574,346295,1319522,100942,504711,367574,346295
69,1,434090,463103,621475,1642963,124295,434090,463103,621475
69,2,654726,1547229,1014668,3526068,309445,654726,1547229,1014668
69,3,362884,269053,124220,828733,725767,362884,269053,124220
70,1,335105,341440,361619,1110487,-1,335105,341440,361619
70,2,1141061,489737,1067474,3996225,297947,1141067,1489737,1067474
70,3,509774,321091,235786,1168605,101954,509774,321091,235786
71,1,532884,293424,348104,1280988,106576,532884,293424,348104
71,2,1359029,958040,806333,3395207,271805,1359029,958040,806333
71,3,332248,258813,404505,1076467,80901,332248,258813,404505
72,1,439398,566693,535805,1655234,-1,439398,566693,535805
72,2,808826,1448183,1029483,3576128,289636,808826,1448183,1029483
72,3,191653,324173,326906,908113,65381,191653,324173,326906
73,1,246656,539418,350310,1244267,107883,246656,539418,350310
73,2,1420184,309291,863949,3877463,284037,1420186,1309291,863949
73,3,92520,425277,493933,1110516,98786,92520,425277,493933
74,1,381093,442535,353118,1265253,88507,381093,442535,353118
74,2,1366191,278950,819859,3738238,273238,1366191,1278950,819859
74,3,576883,472785,411529,1576573,115376,576883,472785,411529
75,1,427648,430913,420639,1365382,86182,427648,430913,420639
75,2,1316284,417614,1186489,4203913,283522,1316288,1417614,1186489
75,3,326576,485041,300310,1208935,97008,326576,485041,300310
76,1,249182,292447,341171,951034,-1,249182,292447,341171
76,2,628745,1585167,924742,3455687,317033,628745,1585167,924742
76,3,429339,277389,252326,1044921,858677,429339,277389,252326
77,1,517956,648649,550242,1846576,129729,517956,648649,550242
77,2,1118797,541458,1199735,3099937,239947,1118797,541458,1199735
77,3,495253,349544,402565,1346412,990507,495253,349544,402565
78,1,558754,572984,340390,1586724,114596,558754,572984,340390
78,2,1610362,964019,1368826,4265279,322072,1610362,964019,1368826
78,3,365606,175357,366221,980428,73244,365606,175357,366221
79,1,668598,363824,426948,1593089,133719,668598,363824,426948
79,2,1452224,50997,833547,3627218,290445,1452229,1050997,833547
79,3,488254,462993,356071,1404968,976507,488254,462993,356071
80,1,185516,449819,274214,999512,89963,185516,449819,274214
80,2,1030584,266949,932740,3483661,253389,1030583,1266949,932740
80,3,100356,207666,230771,584947,46154,100356,207666,230771
81,1,464326,510586,586797,1679068,117359,464326,510586,586797
81,2,1258371,122357,712382,3344784,251674,1258371,1122357,712382
81,3,555867,212908,234853,1114801,111173,555867,212908,234853
82,1,406952,536020,496474,1546650,107204,406952,536020,496474
82,2,828604,1132067,1193330,3392667,238666,828604,1132067,1193330
82,3,242575,436749,456119,1226666,91223,242575,436749,456119
83,1,523690,313467,468872,1410767,104738,523690,313467,468872
83,2,1609444,986048,447442,3364822,321888,1609444,986048,447442
83,3,510700,408767,559994,1591459,111998,510700,408767,559994
84,1,598169,318851,384526,1421179,-1,598169,318851,384526
84,2,1089201,157043,822374,3300026,231408,1089201,1157043,822374
84,3,544542,440909,324705,1419064,108908,544542,440909,324705
85,1,320216,587058,402279,1426964,117411,320216,587058,402279
85,2,1042516,962598,1163733,3401593,232746,1042516,962598,1163733
85,3,555679,179540,596808,1451388,119361,555679,179540,596808
86,1,554270,256073,443231,1364428,110854,554270,256073,443231
86,2,736703,1313642,1180786,3493859,262728,736703,1313642,1180786
86,3,346353,598406,282629,1347069,119681,346353,598406,282629
87,1,312912,497105,527628,1443170,105525,312912,497105,527628
87,2,1417878,869134,1465603,4045735,293120,1417878,869134,1465603
87,3,509798,164346,241162,1017265,101959,509798,164346,241162
88,1,216612,400766,583468,1317539,116693,216612,400766,583468
88,2,12521,1322778,333597,2733451,264555,812521,1322778,333597
88,3,455597,304883,409063,1260662,911197,455597,304883,409063
89,1,758669,295258,561831,1767491,-1,758669,295258,561831
89,2,1276054,208994,1329291,4080202,265858,1276059,1208994,1329291
89,3,331952,356609,687609,1513691,137521,331952,356609,687609
90,1,377560,538318,703562,1760152,140712,377560,538318,703562
90,2,871588,1354278,1316475,3813196,270855,871588,1354278,1316475
90,3,358959,370980,253905,1058040,74196,358959,370980,253905
91,1,509271,344419,297650,1253194,101854,509271,344419,297650
91,2,1027902,147471,1235373,3657820,247074,1027902,1147471,1235373
91,3,450760,403224,45762,989898,901527,450760,403224,45762
92,1,531586,454814,601964,1708756,120392,531586,454814,601964
92,2,1283190,481155,1086672,4147248,296231,1283190,1481155,1086672
92,3,430607,153772,611230,1317855,122246,430607,153772,611230
93,1,532414,255772,384668,1279336,106482,532414,255772,384668
93,2,1321574,417931,826675,3849765,283586,1321573,1417931,826675
93,3,447551,342268,181278,1060607,895107,447551,342268,181278
94,1,265102,467344,283849,1109763,93468,265102,467344,283849
94,2,1261432,115772,887456,3516946,252286,1261432,1115772,887456
94,3,443433,520153,288989,1356605,104030,443433,520153,288989
95,1,707134,226967,348529,1424056,-1,707134,226967,348529
95,2,1569474,587554,1000018,4474561,317510,1569479,1587554,1000018
95,3,482536,347602,301819,1228464,965077,482536,347602,301819
96,1,469488,525510,224674,1324774,105102,469488,525510,224674
96,2,1172129,232779,1361069,4038186,272213,1172125,1232779,1361069
96,3,411705,366442,261071,1121559,823417,411705,366442,261071
97,1,676490,594330,366814,1772932,135298,676490,594330,366814
97,2,1155944,33286,1296511,3745042,259302,1155943,1033286,1296511
97,3,276818,541170,261909,1188131,108234,276818,541170,261909
98,1,364011,287225,409122,1142182,81824,364011,287225,409122
98,2,1697,544275,313,4253544,339509,1697546,1275313,941176
98,3,196974,207094,504584,1009568,100916,196974,207094,504584
99,1,778791,403957,491213,1829719,155758,778791,403957,491213
99,2,1070932,591554,1042066,4022862,318310,1070932,1591554,1042066
99,3,485503,303725,469089,1355417,971007,485503,303725,469089
100,1,297697,283678,496130,1176731,-1,297697,283678,496130
100,2,1116564,293012,1045370,3713547,258602,1116563,1293012,1045370
100,3,481202,257541,156102,991085,962407,481202,257541,156102
101,1,517682,489860,571399,1693220,114279,517682,489860,571399
101,2,1359284,636956,1362791,4686421,327391,1359283,1636956,1362791
101,3,504122,162692,367284,1134922,100824,504122,162692,367284
102,1,711577,435652,412944,1702488,-1,711577,435652,412944
102,2,1027130,611202,1282857,4243542,322240,1027130,1611202,1282857
102,3,610375,449187,217405,1399042,122075,610375,449187,217405
103,1,342636,461696,521585,1430234,104317,342636,461696,521585
103,2,1357791,1362234,935564,3928035,272446,1357791,1362234,935564
103,3,299168,349877,493735,1241527,98747,299168,349877,493735
104,1,688609,469307,377591,1673228,-1,688609,469307,377591
104,2,1306061,333301,1207611,4113639,266660,1306067,1333301,1207611
104,3,328510,368600,253861,1024691,73720,328510,368600,253861
105,1,236181,433735,222620,979283,86747,236181,433735,222620
105,2,762164,1574623,902607,3554318,314924,762164,1574623,902607
105,3,345081,290340,200629,905066,690167,345081,290340,200629
106,1,531578,281454,710931,1666149,142186,531578,281454,710931
106,2,1135284,61537,741947,3165823,227056,1135283,1061537,741947
106,3,453648,245938,407774,1198089,907297,453648,245938,407774
107,1,633238,530124,359118,1649127,126647,633238,530124,359118
107,2,1185979,619656,1095028,3137858,-1,1185979,619656,1095028
107,3,393497,497211,296341,1286491,99442,393497,497211,296341
108,1,695405,610644,271903,1717033,139081,695405,610644,271903
108,2,1740732,377043,1360352,4826273,348146,1740732,1377043,1360352
108,3,342328,504734,487170,1435178,100946,342328,504734,487170
109,1,303759,623230,429005,1480640,124646,303759,623230,429005
109,2,1528144,625434,460794,3593946,325086,1528149,1625434,460794
109,3,366493,166805,371034,978538,74206,366493,166805,371034
110,1,523455,221767,455945,1305858,104691,523455,221767,455945
110,2,1308054,541821,611280,3769521,308364,1308056,1541821,611280
110,3,549195,301298,348997,1309329,109839,549195,301298,348997
111,1,412547,534441,276278,1330154,106888,412547,534441,276278
111,2,1687322,320690,1061174,4406650,337464,1687322,1320690,1061174
111,3,572768,407841,419809,1514971,114553,572768,407841,419809
112,1,706332,452311,460976,1760885,141266,706332,452311,460976
112,2,1102944,189731,691339,3221962,237946,1102946,1189731,691339
112,3,386105,443701,460754,1382710,92150,386105,443701,460754
113,1,459513,234771,274682,1060868,91902,459513,234771,274682
113,2,539273,941543,1007658,2690005,201531,539273,941543,1007658
113,3,260051,326357,382108,1044937,76421,260051,326357,382108
114,1,450451,299047,318688,1158276,90090,450451,299047,318688
114,2,944081,1767,199307,4264050,-1,944081,1767219,1199307
114,3,451662,374696,552687,1489582,110537,451662,374696,552687
115,1,594936,438055,449464,1601442,118987,594936,438055,449464
115,2,1275082,694818,1437165,3694498,287433,1275082,694818,1437165
115,3,524314,144027,219127,992330,104862,524314,144027,219127
116,1,314071,598471,275254,1307490,-1,314071,598471,275254
116,2,1223124,462807,537757,3516253,292561,1223128,1462807,537757
116,3,388203,485193,327978,1298412,97038,388203,485193,327978
117,1,452648,523304,310901,1391513,104660,452648,523304,310901
117,2,716381,1684186,1011507,3748911,336837,716381,1684186,1011507
117,3,530952,343838,332426,1313406,106190,530952,343838,332426
118,1,985824,434269,737483,2354740,-1,985824,434269,737483
118,2,1749421,134477,947481,4181263,349884,1749421,1134477,947481
118,3,478967,62070,361827,998657,957937,478967,62070,361827
119,1,204351,503108,357404,1165484,100621,204351,503108,357404
119,2,1262217,443230,874938,2832828,252445,1262217,443230,874938
119,3,555594,277725,228853,1173290,111118,555594,277725,228853
120,1,766154,463991,375069,1758444,153230,766154,463991,375069
120,2,1280654,176186,891479,3604452,256131,1280656,1176186,891479
120,3,497473,483400,325973,1406340,994947,497473,483400,325973
121,1,638202,492003,379945,1637790,127640,638202,492003,379945
121,2,687751,1611373,1483668,4105066,322274,687751,1611373,1483668
121,3,519778,574929,443745,1653437,114985,519778,574929,443745
122,1,452332,392036,706639,1692334,141327,452332,392036,706639
122,2,1276109,606246,1291679,4495279,321249,1276105,1606246,1291679
122,3,270547,387954,344883,1080974,77590,270547,387954,344883
123,1,192500,389027,410467,1074087,82093,192500,389027,410467
123,2,428036,1291824,1171674,3149898,258364,428036,1291824,1171674
123,3,465673,316781,324599,1200187,-1,465673,316781,324599
124,1,494472,537167,286109,1425181,107433,494472,537167,286109
124,2,1691344,1394479,786762,4210853,338268,1691344,1394479,786762
124,3,411883,338605,552830,1413884,110566,411883,338605,552830
125,1,374160,419726,278124,1155955,83945,374160,419726,278124
125,2,938651,1241008,964215,3392075,248201,938651,1241008,964215
125,3,316314,274200,340708,999363,68141,316314,274200,340708
126,1,598079,534177,198455,1450326,-1,598079,534177,198455
126,2,1106232,509948,1251203,4169372,301989,1106232,1509948,1251203
126,3,431863,387602,453911,1364158,90782,431863,387602,453911
127,1,617234,381774,372624,1495078,-1,617234,381774,372624
127,2,992415,1113952,1470553,3871030,294110,992415,1113952,1470553
127,3,497284,394433,200832,1192005,994567,497284,394433,200832
128,1,273611,332258,278923,951243,66451,273611,332258,278923
128,2,1194544,1317198,957816,3732997,263439,1194544,1317198,957816
128,3,431441,285619,501633,1319019,100326,431441,285619,501633
129,1,385640,407433,260657,1135216,81486,385640,407433,260657
129,2,1177151,627131,789872,3919586,325426,1177157,1627131,789872
129,3,421316,306690,387395,1199664,842637,421316,306690,387395
130,1,274003,200497,275460,805052,55092,274003,200497,275460
130,2,1132624,514087,827787,3777314,302817,1132623,1514087,827787
130,3,515032,547420,413188,1585124,109484,515032,547420,413188
131,1,374594,421200,592716,1507053,118543,374594,421200,592716
131,2,1400060,520300,863178,4087598,304060,1400060,1520300,863178
131,3,545616,361072,436068,1451879,109123,545616,361072,436068
132,1,247066,538087,378353,1271123,107617,247066,538087,378353
132,2,1554982,271674,1196701,4334353,310996,1554982,1271674,1196701
132,3,195583,472200,159194,921417,94440,195583,472200,159194
133,1,316162,342239,729435,1533723,145887,316162,342239,729435
133,2,1118564,42930,1063837,3449046,-1,1118566,1042930,1063837
133,3,628795,383162,627724,1765440,125759,628795,383162,627724
134,1,506726,512286,403643,1525112,102457,506726,512286,403643
134,2,1001,719,4356,3643814,271355,1001719,1356777,1013963
134,3,395022,339377,259256,1072659,790047,395022,339377,259256
135,1,193266,387192,300307,958203,77438,193266,387192,300307
135,2,982876,896184,1040896,3128135,208179,982876,896184,1040896
135,3,554044,300394,418725,1383971,110808,554044,300394,418725
136,1,583305,453214,552066,1705246,-1,583305,453214,552066
136,2,958843,1429166,1129586,3803428,285833,958843,1429166,1129586
136,3,537352,345334,477003,1467159,107470,537352,345334,477003
137,1,775470,431367,538587,1900518,155094,775470,431367,538587
137,2,1404907,926347,1195149,3807384,280981,1404907,926347,1195149
137,3,484343,176632,458918,1216761,968687,484343,176632,458918
138,1,643624,265509,110009,1147866,128724,643624,265509,110009
138,2,1096324,31199,472384,2819174,219265,1096326,1031199,472384
138,3,461475,375449,513383,1452983,102676,461475,375449,513383
139,1,323198,442566,432832,1287109,88513,323198,442566,432832
139,2,961870,1388361,786634,3414537,277672,961870,1388361,786634
139,3,533595,409928,365271,1415513,106719,533595,409928,365271
140,1,321763,449863,293554,1155152,89972,321763,449863,293554
140,2,1224924,445538,1749897,4770337,-1,1224923,1445538,1749897
140,3,380253,158650,428134,1052663,85626,380253,158650,428134
141,1,428230,618657,504554,1675172,-1,428230,618657,504554
141,2,1105831,502363,1442714,4351380,300472,1105831,1502363,1442714
141,3,440762,334118,405747,1268779,881527,440762,334118,405747
142,1,398363,450698,403253,1342453,90139,398363,450698,403253
142,2,1246484,523010,1574327,4658685,314865,1246483,1523010,1574327
142,3,250960,423330,338691,1097647,84666,250960,423330,338691
143,1,216522,403476,286367,987060,80695,216522,403476,286367
143,2,1667,442776,512,4752777,355302,1667442,1776512,953521
143,3,444317,167719,124026,824925,888637,444317,167719,124026
144,1,361713,415258,403101,1263123,83051,361713,415258,403101
144,2,1648814,482433,1248878,4709886,329762,1648813,1482433,1248878
144,3,567614,501706,378984,1561826,113522,567614,501706,378984
145,1,521642,538551,387860,1555763,107710,521642,538551,387860
145,2,911594,1270677,1219463,3655869,254135,911594,1270677,1219463
145,3,413310,286067,509059,1310247,101811,413310,286067,509059
146,1,367106,485527,204899,1154637,97105,367106,485527,204899
146,2,1604909,635826,1135612,4703508,327165,1604905,1635826,1135612
146,3,451953,183760,669732,1439391,133946,451953,183760,669732
147,1,837100,272810,616104,1893434,167420,837100,272810,616104
147,2,957067,1355323,1214579,3798033,271064,957067,1355323,1214579
147,3,381808,476051,642251,1628560,128450,381808,476051,642251
148,1,200233,451043,384202,1125686,90208,200233,451043,384202
148,2,1454711,109715,699024,3554399,290943,1454717,1109715,699024
148,3,611236,381570,427224,1542277,122247,611236,381570,427224
149,1,539257,387730,528069,1562907,107851,539257,387730,528069
149,2,1403572,478572,1461753,4639616,295714,1403577,1478572,1461753
149,3,564222,268748,229436,1175250,112844,564222,268748,229436
150,1,628626,442441,508373,1705165,-1,628626,442441,508373
150,2,522823,1598344,745793,3186628,319668,522823,1598344,745793
150,3,635950,267938,540258,1571336,127190,635950,267938,540258
151,1,417556,441681,349292,1296865,88336,417556,441681,349292
151,2,1217544,1198308,285532,2944892,243508,1217544,1198308,285532
151,3,461435,431689,371077,1356488,922877,461435,431689,371077
152,1,407168,384003,195060,1067664,81433,407168,384003,195060
152,2,1279174,1288589,1044878,3870358,257717,1279174,1288589,1044878
152,3,584670,304940,260717,1267261,116934,584670,304940,260717
153,1,97588,438824,449732,1076090,9946,97588,438824,449732
153,2,1585224,549991,749942,4202200,317044,1585223,1549991,749942
153,3,241888,365100,435854,1130012,87170,241888,365100,435854
154,1,532190,359445,474964,1473037,106438,532190,359445,474964
154,2,1301262,353258,1290626,4215797,270651,1301262,1353258,1290626
154,3,334840,453722,491357,1378190,98271,334840,453722,491357
155,1,375487,462752,418464,1349253,92550,375487,462752,418464
155,2,1229704,338839,1072223,3908535,267767,1229706,1338839,1072223
155,3,593316,417352,387022,1516353,118663,593316,417352,387022
156,1,300453,368431,619616,1412423,123923,300453,368431,619616
156,2,1282120,406494,1454112,4433554,290822,1282126,1406494,1454112
156,3,542679,425358,497421,1573993,108535,542679,425358,497421
157,1,554933,313512,298636,1278067,110986,554933,313512,298636
157,2,1407520,814046,1129768,3632838,281504,1407520,814046,1129768
157,3,438483,297918,161483,985580,876967,438483,297918,161483
158,1,490649,400631,467968,1457377,98129,490649,400631,467968
158,2,986778,1238021,873711,3346114,247604,986778,1238021,873711
158,3,384074,326720,206595,994203,768147,384074,326720,206595
159,1,315332,400790,314739,1111019,80158,315332,400790,314739
159,2,716214,1140194,1135102,3219548,228038,716214,1140194,1135102
159,3,538897,379250,436557,1462483,107779,538897,379250,436557
160,1,406181,523285,668214,1731322,133642,406181,523285,668214
160,2,997294,1219527,870160,3330886,243905,997294,1219527,870160
160,3,330994,418944,568407,1432026,113681,330994,418944,568407
161,1,515388,380501,526947,1528225,105389,515388,380501,526947
161,2,1060620,151949,1440560,3941241,288112,1060620,1151949,1440560
161,3,261707,441834,280284,1072191,88366,261707,441834,280284
162,1,335440,398180,399348,1212837,79869,335440,398180,399348
162,2,1229781,268870,702567,3454998,253774,1229787,1268870,702567
162,3,326412,411957,421125,1243719,84225,326412,411957,421125
163,1,544785,310925,578630,1550066,115726,544785,310925,578630
163,2,645636,1648986,903378,3527797,329797,645636,1648986,903378
163,3,323013,639117,425874,1515827,127823,323013,639117,425874
164,1,653655,454590,437205,1676181,130731,653655,454590,437205
164,2,1713708,345991,1168464,4570904,342741,1713708,1345991,1168464
164,3,360602,659343,306587,1458400,131868,360602,659343,306587
165,1,472688,173856,617931,1388061,123586,472688,173856,617931
165,2,874972,912895,918431,2889984,183686,874972,912895,918431
165,3,480996,222198,521209,1328644,104241,480996,222198,521209
166,1,397817,507055,350744,1357027,101411,397817,507055,350744
166,2,1666262,687543,1166915,4858228,337508,1666262,1687543,1166915
166,3,552456,273241,556598,1493614,-1,552456,273241,556598
167,1,344234,395463,385162,1203951,79092,344234,395463,385162
167,2,1333359,105051,281385,2986462,266671,1333355,1105051,281385
167,3,464307,365976,464964,1388239,92992,464307,365976,464964
168,1,363731,376762,502417,1343393,100483,363731,376762,502417
168,2,737445,1236044,1052177,3272874,247208,737445,1236044,1052177
168,3,233571,317555,466620,1111070,-1,233571,317555,466620
169,1,246318,516119,460168,1325828,103223,246318,516119,460168
169,2,1013704,400224,1307665,4001639,280044,1013706,1400224,1307665
169,3,534991,390845,396727,1429561,106998,534991,390845,396727
170,1,475002,463204,403689,1436895,95000,475002,463204,403689
170,2,1087369,367930,891423,2564195,217473,1087369,367930,891423
170,3,540326,298237,353796,1300424,108065,540326,298237,353796
171,1,241357,442074,405899,1177744,88414,241357,442074,405899
171,2,1332452,258126,999471,3856539,266490,1332452,1258126,999471
171,3,415945,450434,388302,1344767,90086,415945,450434,388302
172,1,429348,353242,210927,1079386,85869,429348,353242,210927
172,2,1519184,733143,1003615,4602575,346628,1519189,1733143,1003615
172,3,402671,198243,252474,933922,805347,402671,198243,252474
173,1,385813,318709,783403,1644605,156680,385813,318709,783403
173,2,999515,1444521,944361,3677301,288904,999515,1444521,944361
173,3,572503,301193,245041,1233237,114500,572503,301193,245041
174,1,473142,397924,589072,1577952,117814,473142,397924,589072
174,2,660535,1230991,668345,2806069,246198,660535,1230991,668345
174,3,337844,239460,352877,1000756,70575,337844,239460,352877
175,1,723679,331360,496015,1695789,-1,723679,331360,496015
175,2,1507,624435,847,4117127,301525,1507626,1435847,872129
175,3,550002,370829,462709,1493540,110000,550002,370829,462709
176,1,584130,353083,298947,1352986,116826,584130,353083,298947
176,2,1339004,684150,1027276,4387265,336830,1339009,1684150,1027276
176,3,357857,345525,440538,1232027,88107,357857,345525,440538
177,1,515633,564762,433189,1626536,112952,515633,564762,433189
177,2,1148460,369307,828732,3620360,273861,1148460,1369307,828732
177,3,532325,329678,517905,1486373,106465,532325,329678,517905
178,1,255956,359719,279477,967095,71943,255956,359719,279477
178,2,1095554,904938,1268207,3522340,253641,1095554,904938,1268207
178,3,430765,316604,259552,1093074,-1,430765,316604,259552
179,1,500797,404054,237346,1242356,100159,500797,404054,237346
179,2,866310,664689,1764804,3648763,352960,866310,664689,1764804
179,3,514768,529249,360276,1510142,105849,514768,529249,360276
180,1,468758,298885,727814,1641019,145562,468758,298885,727814
180,2,32152,1685182,1488900,4543527,337036,832152,1685182,1488900
180,3,475556,146384,218591,935642,951117,475556,146384,218591
181,1,338023,406799,286511,1112692,81359,338023,406799,286511
181,2,1147430,4522680,1230134,4204780,304536,1147430,1522680,1230134
181,3,460110,591377,328363,1498125,118275,460110,591377,328363
182,1,415703,437063,432773,1372951,87412,415703,437063,432773
182,2,1165797,461765,1179729,4099644,292353,1165797,1461765,1179729
182,3,418971,330886,372118,1205769,-1,418971,330886,372118
183,1,370971,400889,458605,1322186,-1,370971,400889,458605
183,2,977918,950954,1130018,3284893,226003,977918,950954,1130018
183,3,559056,291237,369412,1331516,111811,559056,291237,369412
184,1,439831,362737,287539,1178073,87966,439831,362737,287539
184,2,1003751,1676139,1422278,4437395,335227,1003751,1676139,1422278
184,3,545675,223085,498968,1376863,109135,545675,223085,498968
185,1,451530,533911,294424,1386647,106782,451530,533911,294424
185,2,1516654,1797557,973511,4647233,359511,1516654,1797557,973511
185,3,396812,371029,227413,1074616,793627,396812,371029,227413
186,1,484609,438467,292508,1312505,96921,484609,438467,292508
186,2,1152080,396269,1222914,4050516,279253,1152080,1396269,1222914
186,3,519956,454170,378579,1456696,103991,519956,454170,378579
187,1,505596,268911,691995,1604901,138399,505596,268911,691995
187,2,1403345,917178,1306038,3907230,280669,1403345,917178,1306038
187,3,561360,271553,370376,1315561,112272,561360,271553,370376
188,1,222974,426825,299879,1035043,85365,222974,426825,299879
188,2,1553791,1493805,532430,3890784,310758,1553791,1493805,532430
188,3,323458,327534,502509,1254002,100501,323458,327534,502509
189,1,526743,509367,253844,1395302,105348,526743,509367,253844
189,2,1422349,332753,753104,3792671,284469,1422345,1332753,753104
189,3,456611,365432,360398,1273763,913227,456611,365432,360398
190,1,486105,474442,335151,1392919,97221,486105,474442,335151
190,2,726753,1173475,842869,2977792,234695,726753,1173475,842869
190,3,520777,487350,676968,1820488,-1,520777,487350,676968
191,1,378030,325603,402001,1186034,-1,378030,325603,402001
191,2,1544731,694734,969711,4548122,338946,1544731,1694734,969711
191,3,335415,336608,629022,1426849,125804,335415,336608,629022
192,1,278462,397065,570161,1359720,114032,278462,397065,570161
192,2,1263982,948253,1124418,3589449,252796,1263982,948253,1124418
192,3,384396,110888,501388,1096949,100277,384396,110888,501388
193,1,374531,465098,295412,1228060,93019,374531,465098,295412
193,2,1646244,583353,1504795,5063639,329248,1646243,1583353,1504795
193,3,381079,610765,145551,1259548,-1,381079,610765,145551
194,1,563656,381229,248843,1306459,-1,563656,381229,248843
194,2,1461888,874808,717149,3346222,292377,1461888,874808,717149
194,3,330148,182875,408853,1003646,81770,330148,182875,408853
195,1,326004,339327,412278,1160064,82455,326004,339327,412278
195,2,1472804,1077896,626866,3472126,294560,1472804,1077896,626866
195,3,420419,489651,332154,1340154,97930,420419,489651,332154
196,1,533083,291045,336795,1267539,106616,533083,291045,336795
196,2,922144,1375376,853301,3425896,275075,922144,1375376,853301
196,3,463098,402761,336425,1294903,926197,463098,402761,336425
197,1,554225,462051,537511,1664632,110845,554225,462051,537511
197,2,1553010,273303,995175,4132090,310602,1553010,1273303,995175
197,3,425539,259083,65381,835110,851077,425539,259083,65381
198,1,396576,555390,414564,1477608,111078,396576,555390,414564
198,2,1605210,406256,952448,4284956,321042,1605210,1406256,952448
198,3,361870,465610,191632,1112234,93122,361870,465610,191632
199,1,501621,613634,481643,1719624,122726,501621,613634,481643
199,2,1059974,254391,996196,3561438,250878,1059973,1254391,996196
199,3,384529,266305,366008,1093747,769057,384529,266305,366008
200,1,368200,366910,334864,1143614,73640,368200,366910,334864
200,2,832662,1657394,1140551,3962085,331478,832662,1657394,1140551
200,3,302954,453779,235644,1083132,90755,302954,453779,235644
201,1,236973,463967,328219,1121952,92793,236973,463967,328219
201,2,1510012,686020,971735,4504971,337204,1510012,1686020,971735
201,3,396383,170223,277998,923880,792767,396383,170223,277998
202,1,421320,420242,255928,1181754,84264,421320,420242,255928
202,2,932492,923973,641434,2684397,186498,932492,923973,641434
202,3,510451,564436,429670,1617444,112887,510451,564436,429670
203,1,470179,447624,321858,1333696,94035,470179,447624,321858
203,2,975819,1408339,937747,3603572,281667,975819,1408339,937747
203,3,397464,608501,420454,1548119,121700,397464,608501,420454
204,1,616136,363151,351913,1454427,123227,616136,363151,351913
204,2,954474,1299971,1163621,3678060,259994,954474,1299971,1163621
204,3,554217,426678,413837,1505575,110843,554217,426678,413837
205,1,362587,413307,696168,1611295,139233,362587,413307,696168
205,2,854867,1135831,920653,3138517,227166,854867,1135831,920653
205,3,472228,393930,278660,1239263,944457,472228,393930,278660
206,1,522893,502834,254312,1384617,104578,522893,502834,254312
206,2,1038319,377427,1305742,3599696,275485,1038315,1377427,1305742
206,3,509728,247982,368846,1228501,101945,509728,247982,368846
207,1,364380,409527,294105,1149917,81905,364380,409527,294105
207,2,1381524,812430,850191,4406635,-1,1381528,1812430,850191
207,3,329772,452880,337916,1211144,90576,329772,452880,337916
208,1,288052,539740,448111,1383851,107948,288052,539740,448111
208,2,1251181,266948,997349,3768873,253389,1251187,1266948,997349
208,3,239600,406485,257227,984609,81297,239600,406485,257227
209,1,576072,471356,403937,1566579,-1,576072,471356,403937
209,2,1050864,1616380,1155434,4145954,323276,1050864,1616380,1155434
209,3,480256,63198,463637,1103142,960517,480256,63198,463637
210,1,804920,536029,585702,2087635,160984,804920,536029,585702
210,2,1038064,323709,1013959,3640478,264741,1038069,1323709,1013959
210,3,386113,521740,351311,1363512,104348,386113,521740,351311
211,1,671116,427465,365110,1597914,-1,671116,427465,365110
211,2,799914,1472648,1251439,3818530,294529,799914,1472648,1251439
211,3,339083,270461,344444,1022876,68888,339083,270461,344444
212,1,384594,670620,579135,1768473,-1,384594,670620,579135
212,2,1591054,41198,1234581,4185046,318211,1591056,1041198,1234581
212,3,363274,450541,180311,1084234,90108,363274,450541,180311
213,1,334425,420716,498903,1353824,99780,334425,420716,498903
213,2,1250184,249058,677674,3426955,250037,1250186,1249058,677674
213,3,375928,177218,544748,1206843,108949,375928,177218,544748
214,1,508561,389742,418466,1418481,101712,508561,389742,418466
214,2,1200550,836328,1338420,3642982,267684,1200550,836328,1338420
214,3,458926,438044,242514,1231269,917857,458926,438044,242514
215,1,484112,317299,446821,1345054,96822,484112,317299,446821
215,2,1438361,395251,865649,3986940,-1,1438367,1395251,865649
215,3,542391,406976,253979,1311824,108478,542391,406976,253979
216,1,534856,515970,454817,1612614,106971,534856,515970,454817
216,2,1351154,1047555,1282474,3951413,-1,1351154,1047555,1282474
216,3,533586,387735,244622,1272660,106717,533586,387735,244622
217,1,305573,562278,406754,1387060,112455,305573,562278,406754
217,2,1472094,69413,838016,3673946,294419,1472098,1069413,838016
217,3,559847,428626,364048,1464490,111969,559847,428626,364048
218,1,585646,393751,333274,1429800,117129,585646,393751,333274
218,2,1644521,287633,1321070,4582128,328904,1644521,1287633,1321070
218,3,364225,185638,494761,1143576,98952,364225,185638,494761
219,1,303801,491131,286063,1179221,98226,303801,491131,286063
219,2,1410711,152039,1421906,4269043,284381,1410717,1152039,1421906
219,3,514635,407001,255492,1280055,102927,514635,407001,255492
220,1,490097,391499,312155,1291770,98019,490097,391499,312155
220,2,1028494,353703,1091257,3744199,270740,1028499,1353703,1091257
220,3,449731,406344,499608,1455604,99921,449731,406344,499608
221,1,280379,421540,163422,99649,84308,280379,421540,163422
221,2,1417284,398535,1183001,4282282,283457,1417289,1398535,1183001
221,3,366531,532001,336357,1341289,106400,366531,532001,336357
222,1,320877,366370,327585,1088106,73274,320877,366370,327585
222,2,540972,1315366,1085088,3204499,263073,540972,1315366,1085088
222,3,653693,174462,491215,1450108,130738,653693,174462,491215
223,1,1044309,491570,665084,2409824,208861,1044309,491570,665084
223,2,1221712,838440,74923,3179417,244342,1221712,838440,874923
223,3,466455,65068,384147,1008961,-1,466455,65068,384147
224,1,580276,410683,237587,1344601,116055,580276,410683,237587
224,2,1379641,9351,1036886,3701813,275929,1379647,1009351,1036886
224,3,453777,421380,322013,1287925,907557,453777,421380,322013
225,1,362963,377995,567733,1422237,113546,362963,377995,567733
225,2,1314830,336044,847038,3765120,267208,1314830,1336044,847038
225,3,549506,294881,275398,1229686,109901,549506,294881,275398
226,1,347476,363427,490097,1299019,98019,347476,363427,490097
226,2,1063164,563400,1149894,4089143,312680,1063169,1563400,1149894
226,3,332332,469248,223525,1118954,93849,332332,469248,223525
227,1,424397,418277,577713,1535929,115542,424397,418277,577713
227,2,1379308,391528,1405150,4457016,281030,1379308,1391528,1405150
227,3,450727,156049,508865,1217414,101773,450727,156049,508865
228,1,353403,431575,499209,1384028,99841,353403,431575,499209
228,2,1269834,1433922,602184,3592724,286784,1269834,1433922,602184
228,3,596446,367139,401059,1483933,119289,596446,367139,401059
229,1,611341,591121,371894,1696624,122268,611341,591121,371894
229,2,1160519,641704,1374635,4505194,328340,1160515,1641704,1374635
229,3,463897,423921,94284,1074881,927797,463897,423921,94284
230,1,484286,530707,294062,1415196,106141,484286,530707,294062
230,2,1065264,1287386,939301,3549428,257477,1065264,1287386,939301
230,3,370061,284585,324112,1052770,740127,370061,284585,324112
231,1,480276,404174,586290,1587998,117258,480276,404174,586290
231,2,502002,1711362,516157,3071793,342272,502002,1711362,516157
231,3,375516,591744,609298,1698417,121859,375516,591744,609298
232,1,541870,701698,372479,1756386,140339,541870,701698,372479
232,2,1331694,436746,1121271,4177059,287349,1331693,1436746,1121271
232,3,364503,627064,411324,1528303,125412,364503,627064,411324
233,1,508764,504164,336512,1451192,101752,508764,504164,336512
233,2,1407150,348216,1200124,4236920,281430,1407150,1348216,1200124
233,3,210289,348231,77058,7052246,69646,210289,348231,77058
234,1,614105,390284,430313,1557523,122821,614105,390284,430313
234,2,1051194,1749461,1040577,4191124,349892,1051194,1749461,1040577
234,3,580905,382048,319110,1398244,116181,580905,382048,319110
235,1,442397,363595,235311,1129782,88479,442397,363595,235311
235,2,668919,732116,1221670,2867039,-1,668919,732116,1221670
235,3,460987,547121,360304,1477836,109424,460987,547121,360304
236,1,394498,352027,634178,1507538,126835,394498,352027,634178
236,2,1284482,96351,521785,3159514,256896,1284482,1096351,521785
236,3,470697,256868,416884,1238588,941397,470697,256868,416884
237,1,302210,434304,393733,1217107,86860,302210,434304,393733
237,2,824972,1458174,851695,3426475,291634,824972,1458174,851695
237,3,338790,319169,448107,1195687,89621,338790,319169,448107
238,1,328238,480728,547095,1465480,109419,328238,480728,547095
238,2,1478121,338507,1152219,4264478,295625,1478127,1338507,1152219
238,3,299099,482606,399397,1277623,96521,299099,482606,399397
239,1,552275,517401,391880,1572011,110455,552275,517401,391880
239,2,657429,1204817,805278,2908487,240963,657429,1204817,805278
239,3,518432,449476,267490,1339084,103686,518432,449476,267490
240,1,179123,282153,304792,827026,60958,179123,282153,304792
240,2,876329,1647436,1806812,4691939,361362,876329,1647436,1806812
240,3,383485,186543,183565,830290,766977,383485,186543,183565
241,1,550919,435765,295028,1391895,110183,550919,435765,295028
241,2,994524,1341178,1313682,3917619,268235,994524,1341178,1313682
241,3,534472,362465,349736,1353567,106894,534472,362465,349736
242,1,269373,326894,312158,973803,65378,269373,326894,312158
242,2,1255905,995419,1073045,3575550,251181,1255905,995419,1073045
242,3,478850,480977,315944,1371966,96195,478850,480977,315944
243,1,755156,441560,329765,1677512,-1,755156,441560,329765
243,2,1081034,435027,995834,3798905,287005,1081039,1435027,995834
243,3,538693,337265,343916,1327612,107738,538693,337265,343916
244,1,545509,452208,495874,1602692,109101,545509,452208,495874
244,2,1207,242458,223,4010348,291644,1207242,1458223,1053239
244,3,433349,456647,368725,1350050,91329,433349,456647,368725
245,1,637763,405983,533856,1705154,127552,637763,405983,533856
245,2,1401362,376030,1074516,4132180,280272,1401362,1376030,1074516
245,3,496696,200637,429314,1225986,993397,496696,200637,429314
246,1,365895,503778,347397,1317825,100755,365895,503778,347397
246,2,1383439,549221,983905,4226405,309844,1383435,1549221,983905
246,3,407765,372075,92864,954257,-1,407765,372075,92864
247,1,192430,394515,389193,1055041,78903,192430,394515,389193
247,2,1176431,219215,990620,3630115,243843,1176437,1219215,990620
247,3,543691,179831,205762,1038022,108738,543691,179831,205762
248,1,723086,365219,223291,1456213,144617,723086,365219,223291
248,2,717012,1018071,923504,2862201,203614,717012,1018071,923504
248,3,493173,258066,424908,1274781,986347,493173,258066,424908
249,1,356560,477911,357916,1287969,95582,356560,477911,357916
249,2,1228009,127064,1152666,3753336,245601,1228005,1127064,1152666
249,3,364698,400663,263222,1108715,80132,364698,400663,263222
250,1,357596,424487,612864,1517519,122572,357596,424487,612864
250,2,52517,1033865,1092617,3197522,218523,852517,1033865,1092617
250,3,526369,451799,328945,1412386,105273,526369,451799,328945
251,1,504616,508709,478520,1593586,101741,504616,508709,478520
251,2,1249704,8030851,1023404,3553904,249941,1249708,1030851,1023404
251,3,413504,251177,479292,1239831,95858,413504,251177,479292
252,1,365780,404634,486479,1354188,-1,365780,404634,486479
252,2,1099754,557241,905288,3873730,311448,1099753,1557241,905288
252,3,496011,130355,327543,1053111,992027,496011,130355,327543
253,1,640753,566366,211081,1546350,128150,640753,566366,211081
253,2,1323694,152238,1118863,3859539,264739,1323699,1152238,1118863
253,3,352603,464924,369776,1280287,92984,352603,464924,369776
254,1,257487,332036,283221,939151,66407,257487,332036,283221
254,2,1520844,582489,635803,4055635,316497,1520846,1582489,635803
254,3,485140,226008,412539,1220715,970287,485140,226008,412539
255,1,368564,674070,405404,1582852,134814,368564,674070,405404
255,2,1139541,320617,684279,3408560,264123,1139541,1320617,684279
255,3,487549,440750,310012,1335820,975097,487549,440750,310012
256,1,305333,504328,429006,1339532,100865,305333,504328,429006
256,2,12377,1583601,1022148,3734846,316720,812377,1583601,1022148
256,3,398514,190776,541348,1238907,108269,398514,190776,541348
257,1,674547,287779,321892,1419127,134909,674547,287779,321892
257,2,1317899,4625206,1232557,4500703,325041,1317899,1625206,1232557
257,3,542071,233869,303982,1188336,108414,542071,233869,303982
258,1,383226,562748,336324,1394847,112549,383226,562748,336324
258,2,85122,1015422,1038086,3146247,207617,885122,1015422,1038086
258,3,354400,96047,612646,1185622,122529,354400,96047,612646
259,1,459139,451762,431304,1434032,91827,459139,451762,431304
259,2,1603,224452,228,4490610,320645,1603229,1452228,1114508
259,3,452785,279515,462625,1287450,92525,452785,279515,462625
260,1,854311,446553,291752,1763478,170862,854311,446553,291752
260,2,1374102,864228,986722,3499872,274820,1374102,864228,986722
260,3,337960,430641,395609,1250338,86128,337960,430641,395609
261,1,859312,410849,565394,2007417,171862,859312,410849,565394
261,2,1281741,421043,643784,3630782,284208,1281747,1421043,643784
261,3,352628,449236,275152,1166863,89847,352628,449236,275152
262,1,510155,631963,339766,1608276,126392,510155,631963,339766
262,2,961544,1526038,864788,3657577,305207,961544,1526038,864788
262,3,557359,92978,517602,1279410,111471,557359,92978,517602
263,1,464738,345861,526749,1442697,105349,464738,345861,526749
263,2,1650964,419405,1024946,4425512,330193,1650968,1419405,1024946
263,3,227406,434712,351493,1100553,86942,227406,434712,351493
264,1,497658,610599,413373,1643749,122119,497658,610599,413373
264,2,1058481,277752,1462435,4091155,292487,1058481,1277752,1462435
264,3,452850,577003,450356,1595609,115400,452850,577003,450356
265,1,396834,441686,451836,1380723,-1,396834,441686,451836
265,2,932099,770852,689794,2579164,186419,932099,770852,689794
265,3,501349,332820,589328,1541362,117865,501349,332820,589328
266,1,697343,557889,445046,1839746,139468,697343,557889,445046
266,2,1235509,359134,1172741,4039206,271826,1235505,1359134,1172741
266,3,439840,330478,471962,1336672,94392,439840,330478,471962
267,1,668836,523387,373366,1699356,133767,668836,523387,373366
267,2,1302153,762185,809832,3134600,260430,1302153,762185,809832
267,3,597617,274433,318302,1309875,119523,597617,274433,318302
268,1,379103,513993,342432,1338326,102798,379103,513993,342432
268,2,1123479,229722,1177961,3777102,245944,1123475,1229722,1177961
268,3,501862,316954,106778,1025966,100372,501862,316954,106778
269,1,551102,475484,488122,1624928,110220,551102,475484,488122
269,2,1591374,404300,1495171,4809124,318275,1591378,1404300,1495171
269,3,546768,410216,369106,1435443,109353,546768,410216,369106
270,1,619103,480874,383613,1607410,123820,619103,480874,383613
270,2,1075639,994286,906927,3191979,-1,1075639,994286,906927
270,3,376634,578847,443001,1514251,115769,376634,578847,443001
271,1,583035,381343,356895,1437880,116607,583035,381343,356895
271,2,1369291,263609,1139627,4046392,273859,1369297,1263609,1139627
271,3,445031,481736,210321,1233435,96347,445031,481736,210321
272,1,341529,293633,446151,1170543,89230,341529,293633,446151
272,2,1020154,721304,966550,4052272,344260,1020158,1721304,966550
272,3,467684,494058,337583,1398136,98811,467684,494058,337583
273,1,683338,516656,701885,2042256,140377,683338,516656,701885
273,2,1236144,402284,819362,3738245,280456,1236143,1402284,819362
273,3,541930,195861,398557,1244734,108386,541930,195861,398557
274,1,525873,402821,258292,1292160,105174,525873,402821,258292
274,2,1298171,536984,1030944,4173501,307396,1298177,1536984,1030944
274,3,534022,489857,264940,1395623,106804,534022,489857,264940
275,1,418950,427351,425965,1357735,85470,418950,427350,425965
275,2,1616241,414462,663620,4017578,323249,1616247,1414462,663620
275,3,146418,494061,425689,1164980,98812,146418,494061,425689
276,1,427642,615680,476737,1643195,123136,427642,615680,476737
276,2,1135751,112147,670870,3145918,-1,1135751,1112147,670870
276,3,408054,396247,496714,1400357,99342,408054,396247,496714
277,1,457268,529302,631311,1744143,126262,457268,529302,631311
277,2,1468443,944115,929814,3636060,293688,1468443,944115,929814
277,3,362189,345928,222436,1002990,724377,362189,345928,222436
278,1,656600,548765,521929,1858614,131320,656600,548765,521929
278,2,582074,1576978,1257394,3731841,315395,582074,1576978,1257394
278,3,474655,426129,131877,1127592,-1,474655,426129,131877
279,1,930171,428723,460467,2005395,186034,930171,428723,460467
279,2,1141414,241610,786684,3418029,248322,1141413,1241610,786684
279,3,331155,232259,553271,1227339,110654,331155,232259,553271
280,1,392796,484267,479371,1453287,96853,392796,484267,479371
280,2,1287,84410,681,4248529,282136,1287088,1410681,1268624
280,3,414966,270640,200392,968991,829937,414966,270640,200392
281,1,687332,265318,281718,1371834,137466,687332,265318,281718
281,2,332004,335355,825612,1658093,165122,332004,335355,825612
281,3,511401,209032,417768,1240481,102280,511401,209032,417768
282,1,493020,495832,453039,1541057,99166,493020,495832,453039
282,2,654698,1279632,1499797,3734086,299959,654698,1279632,1499797
282,3,159110,170931,172279,536775,354455,159110,170931,172279
283,1,265931,299352,365136,1003446,-1,265931,299352,365136
283,2,1241534,1503110,913560,3958826,300622,1241534,1503110,913560
283,3,462873,83767,370743,1009957,925747,462873,83767,370743
284,1,342870,447054,264899,1144233,89410,342870,447054,264899
284,2,972975,1235369,824383,3279800,247073,972975,1235369,824383
284,3,314157,177811,382099,950486,76419,314157,177811,382099
285,1,390117,603599,292080,1406515,120719,390117,603599,292080
285,2,1326964,497475,1110742,4234680,299495,1326968,1497475,1110742
285,3,479403,375183,271966,1222432,958807,479403,375183,271966
286,1,505525,408102,520252,1537928,104050,505524,408102,520252
286,2,10172,1480143,883464,3469807,296028,810172,1480143,883464
286,3,208983,286273,319289,8784027,63857,208983,286273,319289
287,1,435087,549237,396292,1490463,109847,435087,549237,396292
287,2,1328360,408105,524478,3542564,281621,1328360,1408105,524478
287,3,457966,398717,400839,1349115,915937,457966,398717,400839
288,1,473340,585954,455285,1631769,117190,473340,585954,455285
288,2,558305,1194007,744492,2735605,238801,558305,1194007,744492
288,3,381460,246703,307060,1011515,762927,381460,246703,307060
289,1,394342,350273,220317,1043800,78868,394342,350273,220317
289,2,1220474,290396,41324,4100445,264928,1220479,1290396,1324642
289,3,447254,325473,340973,1203150,894507,447254,325473,340973
290,1,627441,441883,362655,1557467,125488,627441,441883,362655
290,2,1289432,291755,1361449,4214925,272289,1289432,1291755,1361449
290,3,400791,201482,354760,1037191,801587,400791,201482,354760
291,1,614180,557876,499552,1794444,122836,614180,557876,499552
291,2,1127,82230,283,3592532,261327,1127082,1230283,1306637
291,3,441555,356893,151491,1038250,883117,441555,356893,151491
292,1,197977,512584,242460,1055537,102516,197977,512584,242460
292,2,849742,1617521,917902,3708669,323504,849742,1617521,917902
292,3,563279,215108,549892,1440934,112655,563279,215108,549892
293,1,430774,265106,385083,1167117,86154,430774,265106,385083
293,2,1407844,1405089,1312235,4406736,281568,1407844,1405089,1312235
293,3,493804,362474,343488,1298526,987607,493804,362474,343488
294,1,478929,469040,524833,1577768,104966,478929,469040,524833
294,2,898870,1153656,1189609,3480056,237921,898870,1153656,1189609
294,3,476273,602684,427042,1626535,120536,476273,602684,427042
295,1,370884,536839,587107,1612251,117421,370884,536839,587107
295,2,1175974,370469,1128913,3949448,274093,1175973,1370469,1128913
295,3,535030,299031,400873,1341940,107006,535030,299031,400873
296,1,514246,251629,293017,1161741,102849,514246,251629,293017
296,2,1118384,226847,1183134,3773739,245369,1118389,1226847,1183134
296,3,520733,94127,347130,1066136,104146,520733,94127,347130
297,1,151740,555123,245081,1062968,111024,151740,555123,245081
297,2,1547164,308705,1047701,4213001,309432,1547163,1308705,1047701
297,3,302615,405838,309410,1099030,81167,302615,405838,309410
298,1,575842,583311,602990,1882741,120598,575842,583311,602990
298,2,1223512,397318,1010058,3910351,279463,1223512,1397318,1010058
298,3,433402,432409,184064,1136555,866807,433402,432409,184064
299,1,703629,497597,500484,1842435,140725,703629,497597,500484
299,2,1145025,911276,690396,2975702,229005,1145025,911276,690396
299,3,498973,344335,332498,1275600,997947,498973,344335,332498
300,1,413837,595227,437968,1566077,119045,413837,595227,437968
300,2,1301839,304209,1383526,4266275,276705,1301835,1304209,1383526
300,3,281573,223171,422141,1011313,84428,281573,223171,422141
301,1,351075,374905,574729,1415654,114945,351075,374905,574729
301,2,1148009,579066,1374551,4417435,315813,1148005,1579066,1374551
301,3,433553,485313,317085,1333013,97062,433553,485313,317085
302,1,227966,357978,288006,945545,71595,227966,357978,288006
302,2,1129354,1268384,1112163,3763577,253676,1129354,1268384,1112163
302,3,388881,464382,412313,1358452,92876,388881,464382,412313
303,1,220585,438222,419823,1166274,87644,220585,438222,419823
303,2,1232574,332535,643372,3474987,266507,1232573,1332535,643372
303,3,396817,336044,315153,1127377,793637,396817,336044,315153
304,1,393163,590106,561956,1663246,118021,393163,590106,561956
304,2,1314386,558409,955251,3090923,262877,1314386,558409,955251
304,3,408798,384084,320098,1194739,817597,408798,384084,320098
305,1,663448,331510,381334,1508981,132689,663448,331510,381334
305,2,1364832,710851,1133383,3482032,272966,1364832,710851,1133383
305,3,425971,375479,455742,1348340,91148,425971,375479,455742
306,1,678001,446049,371040,1630690,135600,678001,446049,371040
306,2,1263893,768020,982132,3266823,252778,1263893,768020,982132
306,3,457097,457789,114700,1121143,91557,457097,457789,114700
307,1,309709,441830,355860,1195765,88366,309709,441830,355860
307,2,1045608,938081,1208548,3433946,241709,1045608,938081,1208548
307,3,417704,318095,508403,1345882,101680,417704,318095,508403
308,1,498682,308374,352460,1259252,99736,498682,308374,352460
308,2,1125944,150936,1289515,3824297,257903,1125943,1150936,1289515
308,3,349740,383891,346655,1157064,76778,349740,383891,346655
309,1,588220,507240,388269,1601373,-1,588220,507240,388269
309,2,1685284,219857,1169101,4411303,337057,1685288,1219857,1169101
309,3,116506,337275,195270,716506,67455,116506,337275,195270
310,1,942125,548442,261392,1940384,188425,942125,548442,261392
310,2,1003,419,519254,4118318,303850,1003415,1519254,1291799
310,3,341270,329663,358181,1100750,71636,341270,329663,358181
311,1,374653,498501,157629,1130483,99700,374653,498501,157629
311,2,1483751,977565,1337647,4095713,-1,1483751,977565,1337647
311,3,432016,420126,361617,1300162,864037,432016,420126,361617
312,1,468171,510429,375585,1456270,102085,468171,510429,375585
312,2,1422940,4326664,1115111,4149303,284588,1422940,1326664,1115111
312,3,466782,274287,279196,1113621,933567,466782,274287,279196
313,1,282129,490463,276797,1147481,98092,282129,490463,276797
313,2,907067,1399547,846467,3432990,279909,907067,1399547,846467
313,3,463358,568946,223344,1369437,113789,463358,568946,223344
314,1,420147,500455,557390,1589470,111478,420147,500455,557390
314,2,1208634,226291,701421,3381608,245258,1208638,1226291,701421
314,3,486422,357633,271037,1212376,972847,486422,357633,271037
315,1,349163,319400,349126,1087521,69832,349163,319400,349126
315,2,1413,155699,950189,3801542,282609,1413045,1155699,950189
315,3,325726,112751,335182,840695,67036,325726,112751,335182
316,1,346545,384304,282793,1090502,76860,346545,384304,282793
316,2,1157624,632922,937897,4055032,326584,1157629,1632922,937897
316,3,467664,348019,343502,1252717,-1,467664,348019,343502
317,1,343011,344175,451687,1229210,-1,343011,344175,451687
317,2,675806,1563586,946524,3498633,312717,675806,1563586,946524
317,3,365228,227253,169906,835432,730457,365228,227253,169906
318,1,746149,574265,532909,2002552,149229,746149,574265,532909
318,2,679358,1703034,984002,3707000,340606,679358,1703034,984002
318,3,295189,313825,525722,1239880,105144,295189,313825,525722
319,1,548158,446652,471947,1576388,109631,548158,446652,471947
319,2,1170541,917482,823927,3146058,234108,1170541,917482,823927
319,3,569222,509756,222376,1415198,113844,569222,509756,222376
320,1,520543,310426,381535,1316612,104108,520543,310426,381535
320,2,1443616,938294,1319963,3990596,288723,1443616,938294,1319963
320,3,395298,429667,452214,1367621,90442,395298,429667,452214
321,1,525202,262761,178242,1071245,105040,525202,262761,178242
321,2,945542,952716,1240250,3386558,248050,945542,952716,1240250
321,3,244581,489314,422534,1254291,97862,244581,489314,422534
322,1,446905,341107,287503,1164896,89381,446905,341107,287503
322,2,1211291,1522576,651593,3689975,304515,1211291,1522576,651593
322,3,342981,568033,429526,1454146,113606,342981,568033,429526
323,1,453439,428814,420471,1393411,90687,453439,428814,420471
323,2,1372632,212859,1237419,4097436,274526,1372632,1212859,1237419
323,3,529470,452452,286161,1373977,105894,529470,452452,286161
324,1,462098,537169,703567,1843547,140713,462098,537169,703567
324,2,1304454,310815,831712,3709148,262163,1304458,1310815,831712
324,3,605433,481310,271650,1479479,121086,605433,481310,271650
325,1,286668,364049,415085,1148819,-1,286668,364049,415085
325,2,1648737,952046,1097284,4027814,329747,1648737,952046,1097284
325,3,409671,314085,542350,1374576,108470,409671,314085,542350
326,1,402981,309902,340581,1134060,80596,402981,309902,340581
326,2,1414552,469127,1227708,4405212,293825,1414552,1469127,1227708
326,3,314588,131028,385388,908081,77077,314588,131028,385388
327,1,475959,347168,336036,1254354,95191,475959,347168,336036
327,2,1328274,671364,1523538,4857450,334272,1328276,1671364,1523538
327,3,404802,190905,298110,974777,809607,404802,190905,298110
328,1,539719,399895,337320,1384877,-1,539719,399895,337320
328,2,533379,1463684,995379,3285178,292736,533379,1463684,995379
328,3,493661,351438,467810,1411641,987327,493661,351438,467810
329,1,598363,439467,516888,1674390,119672,598363,439467,516888
329,2,994533,982106,1223971,3445404,244794,994533,982106,1223971
329,3,518748,325910,334192,1282599,103749,518748,325910,334192
330,1,787998,431126,390922,1767645,-1,787998,431126,390922
330,2,1443,994238,348,4374590,288798,1443993,1238348,1403451
330,3,403184,154473,338375,976668,806367,403184,154473,338375
331,1,631220,322765,526417,1606646,-1,631220,322765,526417
331,2,1561698,842532,1227273,3943842,312339,1561698,842532,1227273
331,3,359246,297125,442251,1187072,88450,359246,297125,442251
332,1,526248,446183,420383,1498063,105249,526248,446183,420383
332,2,1055819,315797,656809,3291580,263159,1055815,1315797,656809
332,3,500417,351466,287181,1239147,100083,500417,351466,287181
333,1,443616,448942,446324,1428670,89788,443616,448942,446324
333,2,1299562,640961,980611,4249326,328192,1299562,1640961,980611
333,3,155554,405916,100688,743341,81183,155554,405916,100688
334,1,351469,441320,398920,1279973,88264,351469,441320,398920
334,2,1028679,163108,1271856,3718010,254371,1028675,1163108,1271856
334,3,486226,399522,220417,1203410,972457,486226,399522,220417
335,1,335198,366111,414869,1199151,82973,335198,366111,414869
335,2,1069908,875346,222415,2381650,213981,1069908,875346,222415
335,3,437366,375269,245071,1145179,874737,437366,375269,245071
336,1,557783,469537,513052,1651928,-1,557783,469537,513052
336,2,1236464,437150,1345600,4306646,287430,1236466,1437150,1345600
336,3,431682,442015,456013,1420912,91202,431682,442015,456013
337,1,459661,525667,312167,1402628,105133,459661,525667,312167
337,2,704622,1471735,1243650,3714354,294347,704622,1471735,1243650
337,3,497756,344305,341352,1282964,995517,497756,344305,341352
338,1,133339,373948,554000,1172087,110800,133339,373948,554000
338,2,1177144,924052,1137651,3474275,235428,1177144,924052,1137651
338,3,453550,206340,294549,1045149,907107,453550,206340,294549
339,1,354699,380176,379801,1190711,76035,354699,380176,379801
339,2,1178360,390900,1403087,4252964,280617,1178360,1390900,1403087
339,3,493506,387002,336853,1316062,987017,493506,387002,336853
340,1,215822,418896,436634,1158678,-1,215822,418896,436634
340,2,1384001,381767,1111735,4154303,276800,1384001,1381767,1111735
340,3,662597,432478,123804,1351398,132519,662597,432478,123804
341,1,397626,484449,568602,1564397,113720,397626,484449,568602
341,2,1147564,432550,1319663,4186292,286510,1147569,1432550,1319663
341,3,491973,514332,651783,1788444,-1,491973,514332,651783
342,1,475325,539042,606090,1741675,121218,475325,539042,606090
342,2,1760272,135076,1224850,4472258,-1,1760277,1135076,1224850
342,3,351806,398281,417388,1250952,83477,351806,398281,417388
343,1,549183,390351,520855,1570225,109836,549183,390351,520855
343,2,1182380,396071,909701,3767356,279214,1182380,1396071,909701
343,3,587750,327328,406475,1439103,117550,587750,327328,406475
344,1,843317,389710,322645,1724335,168665,843317,389710,322645
344,2,1200611,1149408,1010936,3601077,240122,1200611,1149408,1010936
344,3,444633,284528,466094,1288473,93218,444633,284528,466094
345,1,418635,342717,448986,1300135,-1,418635,342717,448986
345,2,517229,1646962,912833,3406416,329392,517229,1646962,912833
345,3,450601,232822,152778,926321,901207,450601,232822,152778
346,1,473871,391776,401943,1362364,94774,473871,391776,401943
346,2,1261439,402546,1522130,4490537,304426,1261435,1402546,1522130
346,3,397071,535085,175293,1214466,107017,397071,535085,175293
347,1,268352,487728,274191,1127816,97545,268352,487728,274191
347,2,1299504,1553102,1410800,4574026,310620,1299504,1553102,1410800
347,3,597243,361187,372686,1450564,119448,597243,361187,372686
348,1,244734,361130,535919,1248966,107183,244734,361130,535919
348,2,638094,1274927,596601,2764607,254985,638094,1274927,596601
348,3,417157,400000,443360,1349189,88672,417157,400000,443360
349,1,476875,495009,441093,1511978,99001,476875,495009,441093
349,2,846442,1040975,1059475,3158787,211895,846442,1040975,1059475
349,3,283341,374721,419505,1161468,83901,283341,374721,419505
350,1,419984,578147,403545,1517305,115629,419984,578147,403545
350,2,1435324,395256,938677,4056320,287064,1435323,1395256,938677
350,3,452873,228422,411581,1183450,905747,452873,228422,411581
351,1,471630,443025,425970,1434951,94326,471630,443025,425970
351,2,1318844,251938,883982,3718535,263769,1318846,1251938,883982
351,3,437557,331111,245382,1101561,875117,437557,331111,245382
352,1,511261,234015,588937,1452000,117787,511261,234015,588937
352,2,1307274,1183012,1096451,3848191,261454,1307274,1183012,1096451
352,3,359236,417914,380860,1241592,83582,359236,417914,380860
353,1,521204,391230,382348,1399022,104240,521204,391230,382348
353,2,1012174,95923,1419664,3811697,283932,1012178,1095923,1419664
353,3,381159,120923,555703,1168925,111140,381159,120923,555703
354,1,391777,502904,274037,1269298,100580,391777,502904,274037
354,2,960974,1231470,1685259,4214754,337051,960974,1231470,1685259
354,3,285148,371730,347966,1079190,74346,285148,371730,347966
355,1,416096,368766,309734,1177815,835219,416096,368766,309734
355,2,840017,1554965,499493,3205468,310993,840017,1554965,499493
355,3,494871,565742,363491,1537252,113148,494871,565742,363491
356,1,567721,343586,311112,1335963,-1,567721,343586,311112
356,2,1140221,237290,1426791,4089660,285358,1140221,1237290,1426791
356,3,466363,277105,310722,1147462,-1,466363,277105,310722
357,1,378098,383390,330008,1168174,76678,378098,383390,330008
357,2,1079034,240302,607326,3174721,248060,1079033,1240302,607326
357,3,514516,166365,450719,1234503,102903,514516,166365,450719
358,1,352990,403078,180881,1017564,80615,352990,403078,180881
358,2,710868,1015617,1117804,3067849,223560,710868,1015617,1117804
358,3,481422,325266,499082,1405586,99816,481422,325266,499082
359,1,409586,380312,391292,1263107,81917,409586,380312,391292
359,2,1288914,23387,1338691,3918729,267738,1288913,1023387,1338691
359,3,242881,121702,296953,720926,59390,242881,121702,296953
360,1,449533,417962,210490,1167891,89906,449533,417962,210490
360,2,958355,1070332,1055502,3298255,214066,958355,1070332,1055502
360,3,454038,350164,335387,1230396,908077,454038,350164,335387
361,1,386098,370868,233853,1068038,77219,386098,370868,233853
361,2,1477701,466937,538440,3778618,295540,1477701,1466937,538440
361,3,456603,540096,297087,1401805,108019,456603,540096,297087
362,1,386417,396973,243238,1106022,79394,386417,396973,243238
362,2,838936,1663398,1168354,4003367,332679,838936,1663398,1168354
362,3,477440,434742,316729,1324399,954887,477440,434742,316729
363,1,347349,415408,262810,1108648,83081,347349,415408,262810
363,2,1427910,140577,956387,3810456,285582,1427910,1140577,956387
363,3,453587,414634,353532,1312470,907177,453587,414634,353532
364,1,436294,597106,274513,1427334,119421,436294,597106,274513
364,2,1056582,514119,842624,3716148,302823,1056582,1514119,842624
364,3,543819,336232,229804,1218618,108763,543819,336232,229804
365,1,409184,494652,547924,1561344,109584,409184,494652,547924
365,2,1354292,878519,1237453,4845967,375703,1354292,1878519,1237453
365,3,404022,162520,134362,781708,808047,404022,162520,134362
366,1,531336,383773,380534,1401910,106267,531336,383773,380534
366,2,1370104,220463,1133942,3998535,274021,1370109,1220463,1133942
366,3,368758,185137,454701,1099536,90940,368758,185137,454701
367,1,522227,512171,234426,1373269,-1,522227,512171,234426
367,2,991976,850476,901454,2942301,198395,991976,850476,901454
367,3,479065,325342,484768,1386128,969535,479065,325342,484768
368,1,700606,345640,461433,1647800,140121,700606,345640,461433
368,2,1088421,96073,860461,3264175,219214,1088427,1096073,860461
368,3,224520,450891,348466,1114055,90178,224520,450891,348466
369,1,194061,430323,400296,1110744,86064,194061,430323,400296
369,2,928785,1321826,1494640,4044179,298928,928785,1321826,1494640
369,3,412937,565298,402411,1493705,113059,412937,565298,402411
370,1,464349,385091,203617,1145926,92869,464349,385091,203617
370,2,627767,1156529,1321461,3370049,264292,627767,1156529,1321461
370,3,548988,216041,359429,1234255,109797,548988,216041,359429
371,1,342293,300953,721079,1508540,144215,342293,300953,721079
371,2,1023254,40785,420435,2692635,208157,1023258,1040785,420435
371,3,354225,319967,390433,1142711,78086,354225,319967,390433
372,1,327938,278537,442213,1137130,88442,327938,278537,442213
372,2,1096579,512974,1167157,4079300,302594,1096575,1512974,1167157
372,3,447090,203364,316795,1056667,894187,447090,203364,316795
373,1,603990,504071,595900,1824759,120798,603990,504071,595900
373,2,1549835,757827,856551,3474180,309967,1549835,757827,856551
373,3,420013,340843,325051,1169909,840027,420013,340843,325051
374,1,517955,507040,332701,1461287,103591,517955,507040,332701
374,2,1257364,1203013,1469143,4223354,293828,1257364,1203019,1469143
374,3,456238,296770,357513,1201768,912477,456238,296770,357513
375,1,224101,322424,286155,897164,64484,224101,322424,286155
375,2,975163,1188852,1129305,3531090,237770,975163,1188852,1129305
375,3,371329,197707,379291,1024185,75858,371329,197707,379291
376,1,603608,384748,391761,1500838,120721,603608,384748,391761
376,2,1306651,330393,779287,3682409,266078,1306651,1330393,779287
376,3,425934,571746,201092,1313121,114349,425934,571746,201092
377,1,242109,495790,567278,1418632,113455,242109,495790,567278
377,2,1367294,417572,1157155,4225537,283514,1367296,1417572,1157155
377,3,555459,321275,408546,1396371,111091,555459,321275,408546
378,1,675911,526786,328670,1666549,135182,675911,526786,328670
378,2,1045774,280353,1065158,3647357,256070,1045776,1280353,1065158
378,3,379574,374462,190588,1020538,759147,379574,374462,190588
379,1,515909,302818,575922,1509833,115184,515909,302818,575922
379,2,933153,1154668,1184642,3509391,236928,933153,1154668,1184642
379,3,559314,546278,301777,1519231,111862,559314,546278,301777
380,1,423713,430657,395365,1335866,86131,423713,430657,395365
380,2,1085694,1035831,978935,3317598,217138,1085694,1035831,978935
380,3,383342,425095,331638,1225094,85019,383342,425095,331638
381,1,397958,569954,269950,1351852,113990,397958,569954,269950
381,2,1302274,895617,1424440,5001453,379123,1302273,1895617,1424440
381,3,329217,365731,319520,1087614,73146,329217,365731,319520
382,1,444280,552405,594700,1710325,118940,444280,552405,594700
382,2,1452474,299559,1153723,4196249,290494,1452473,1299559,1153723
382,3,453729,190882,661788,1438756,-1,453729,190882,661788
383,1,358559,562331,253896,1287252,112466,358559,562331,253896
383,2,1340540,405517,610337,363747,281103,1340540,1405517,610337
383,3,491164,536768,489738,1625023,107353,491164,536768,489738
384,1,505909,448490,274917,1330497,101181,505909,448490,274917
384,2,638000,760819,1217053,2859282,243410,638000,760819,1217053
384,3,440489,201954,357930,1088470,880977,440489,201954,357930
385,1,479702,212458,419793,1207893,95940,479702,212458,419793
385,2,1327597,677846,404149,2675111,265519,1327597,677846,404149
385,3,380427,478702,383146,1338015,95740,380427,478702,383146
386,1,452995,424970,271538,1240102,90599,452995,424970,271538
386,2,1216362,297586,683238,3456703,259517,1216362,1297586,683238
386,3,189174,104042,243452,585358,48690,189174,104042,243452
387,1,656912,330829,166270,1285393,131382,656912,330829,166270
387,2,1508759,248249,814005,3872760,301751,1508755,1248249,814005
387,3,438078,350875,352183,1228751,876157,438078,350875,352183
388,1,702410,378469,287704,1509065,140482,702410,378469,287704
388,2,1170059,57975,1196461,3663783,239292,1170055,1057975,1196461
388,3,351160,261879,315723,998994,702327,351160,261879,315723
389,1,458417,388421,430331,1368852,91683,458417,388421,430331
389,2,1468624,231516,435814,3429677,293724,1468623,1231516,435814
389,3,579222,135216,474805,1305087,115844,579222,135216,474805
390,1,428025,540741,461227,1538141,108148,428025,540741,461227
390,2,1034320,613088,1378040,3301056,275608,1034320,613088,1378040
390,3,414269,455347,358562,1319247,91069,414269,455347,358562
391,1,369282,412461,358022,1222257,82492,369282,412461,358022
391,2,1288681,366171,445232,3373318,273234,1288681,1366171,445232
391,3,464510,387103,269605,1214120,929027,464510,387103,269605
392,1,650866,408398,630336,1819773,130173,650866,408398,630336
392,2,748679,1373792,1051365,3448594,274758,748679,1373792,1051365
392,3,559262,423731,493791,1588636,111852,559262,423731,493791
393,1,735198,358804,294125,1535166,147039,735198,358804,294125
393,2,1395791,1276016,965193,3916158,279158,1395791,1276016,965193
393,3,424854,565702,494532,1598228,113140,424854,565702,494532
394,1,641988,445544,440784,1656713,128397,641988,445544,440784
394,2,1061880,576296,871353,3824788,315259,1061880,1576296,871353
394,3,289919,398678,333280,1101612,79735,289919,398678,333280
395,1,517519,424907,387052,1432981,103503,517519,424907,387052
395,2,1114530,309607,1194073,3880131,261921,1114530,1309607,1194073
395,3,435912,454476,446744,1428027,90895,435912,454476,446744
396,1,446518,578962,464456,1605728,115792,446518,578962,464456
396,2,531308,1504635,956227,3293097,300927,531308,1504635,956227
396,3,555756,532029,520840,1719776,111151,555756,532029,520840
397,1,231917,437559,203056,960043,87511,231917,437559,203056
397,2,910497,839838,857714,2790148,182099,910497,839838,857714
397,3,500773,240950,275716,1117593,100154,500773,240950,275716
398,1,334071,407293,469080,1304260,93816,334071,407293,469080
398,2,1241282,140924,1083102,3713564,248256,1241282,1140924,1083102
398,3,376767,281240,390613,1126742,78122,376767,281240,390613
399,1,418574,339952,287147,1129387,835714,418574,339952,287147
399,2,885399,1224547,1071336,3426191,244909,885399,1224547,1071336
399,3,439576,389467,381198,1298156,879157,439576,389467,381198
400,1,280444,402133,457127,1231129,-1,280444,402133,457127
400,2,1025354,26004,1362882,3686820,272576,1025358,1026004,1362882
400,3,400140,162673,403467,1046973,80693,400140,162673,403467
